#v100,,,,,,10000,,,
#ID,掉落组ID,掉落非绑定金币最小数,掉落非绑定金币最大数,掉落物ID,掉落物品组ID,掉落概率(万分比),是否绑定,掉落归属时间(秒),
#int,int,int,int,int,int,int,int,int,
,,,,,,10000,,,
1,91001,0,0,0,30001,2000,2,30000,
2,91002,0,0,0,30002,2000,2,30000,
3,91003,0,0,0,30003,2000,2,30000,
4,91004,0,0,0,30004,2000,2,30000,
5,91005,0,0,0,30005,2000,2,30000,
6,91006,0,0,0,30006,2000,2,30000,
7,91007,0,0,0,30007,2000,2,30000,
8,91008,0,0,0,30008,2000,2,30000,
9,91009,0,0,0,30009,2000,2,30000,
10,91010,0,0,0,30010,2000,2,30000,
11,91011,0,0,0,30011,2000,2,30000,
12,91012,0,0,0,30012,2000,2,30000,
13,91013,0,0,0,30013,2000,2,30000,
14,91014,0,0,0,30014,2000,2,30000,
15,91015,0,0,0,30015,2000,2,30000,
16,91016,0,0,0,30016,2000,2,30000,
17,91017,0,0,0,30017,2000,2,30000,
18,91018,0,0,0,30018,2000,2,30000,
19,91021,0,0,0,30021,2000,2,30000,
20,91011,0,0,27050001,0,500,2,30000,
21,91012,0,0,27050001,0,500,2,30000,
22,91013,0,0,27050001,0,500,2,30000,
23,91014,0,0,27050001,0,500,2,30000,
24,91015,0,0,27050001,0,500,2,30000,
25,91016,0,0,27050001,0,500,2,30000,
26,91017,0,0,27050001,0,500,2,30000,
27,91018,0,0,27050001,0,500,2,30000,
28,91019,0,0,27050001,0,500,2,30000,
29,91020,0,0,27050001,0,500,2,30000,
30,91021,0,0,27050001,0,500,2,30000,
31,91022,0,0,27050001,0,500,2,30000,
32,91023,0,0,27050001,0,500,2,30000,
33,91024,0,0,27050001,0,500,2,30000,
34,91001,0,0,0,99900,10000,2,30000,
35,91002,0,0,0,99900,10000,2,30000,
36,91003,0,0,0,99900,10000,2,30000,
37,91004,0,0,0,99900,10000,2,30000,
38,91005,0,0,0,99900,10000,2,30000,
39,91006,0,0,0,99900,10000,2,30000,
40,91007,0,0,0,99900,10000,2,30000,
41,91008,0,0,0,99900,10000,2,30000,
42,91009,0,0,0,99900,10000,2,30000,
43,91010,0,0,0,99900,10000,2,30000,
44,91011,0,0,0,99900,10000,2,30000,
45,91012,0,0,0,99900,10000,2,30000,
46,91013,0,0,0,99900,10000,2,30000,
47,91014,0,0,0,99900,10000,2,30000,
48,91015,0,0,0,99900,10000,2,30000,
49,91016,0,0,0,99900,10000,2,30000,
50,91017,0,0,0,99900,10000,2,30000,
51,91018,0,0,0,99900,10000,2,30000,
52,91019,0,0,0,99900,10000,2,30000,
53,91020,0,0,0,99900,10000,2,30000,
54,91021,0,0,0,99900,10000,2,30000,
55,91022,0,0,0,99900,10000,2,30000,
56,91023,0,0,0,99900,10000,2,30000,
57,91024,0,0,0,99900,10000,2,30000,
58,91001,0,0,0,99002,1500,2,30000,
59,91002,0,0,0,99002,1500,2,30000,
60,91003,0,0,0,99002,1500,2,30000,
61,91004,0,0,0,99002,1500,2,30000,
62,91005,0,0,0,99002,1500,2,30000,
63,91006,0,0,0,99002,1500,2,30000,
64,91007,0,0,0,99002,1500,2,30000,
65,91008,0,0,0,99002,1500,2,30000,
66,91009,0,0,0,99002,1500,2,30000,
67,91010,0,0,0,99002,1500,2,30000,
68,91011,0,0,0,99002,1500,2,30000,
69,91012,0,0,0,99002,1500,2,30000,
70,91013,0,0,0,99002,1500,2,30000,
71,91014,0,0,0,99002,1500,2,30000,
72,91015,0,0,0,99002,1500,2,30000,
73,91016,0,0,0,99002,1500,2,30000,
74,91017,0,0,0,99002,1500,2,30000,
75,91018,0,0,0,99002,1500,2,30000,
76,91019,0,0,0,99002,1500,2,30000,
77,91020,0,0,0,99002,1500,2,30000,
78,91021,0,0,0,99002,1500,2,30000,
79,91022,0,0,0,99002,1500,2,30000,
80,91023,0,0,0,99002,1500,2,30000,
81,91024,0,0,0,99002,1500,2,30000,
82,91001,0,0,0,99003,900,2,30000,
83,91002,0,0,0,99003,900,2,30000,
84,91003,0,0,0,99003,900,2,30000,
85,91004,0,0,0,99003,900,2,30000,
86,91005,0,0,0,99003,900,2,30000,
87,91006,0,0,0,99003,900,2,30000,
88,91007,0,0,0,99003,900,2,30000,
89,91008,0,0,0,99003,900,2,30000,
90,91009,0,0,0,99003,900,2,30000,
91,91010,0,0,0,99003,900,2,30000,
92,91011,0,0,0,99003,900,2,30000,
93,91012,0,0,0,99003,900,2,30000,
94,91013,0,0,0,99003,900,2,30000,
95,91014,0,0,0,99003,900,2,30000,
96,91015,0,0,0,99003,900,2,30000,
97,91016,0,0,0,99003,900,2,30000,
98,91017,0,0,0,99003,900,2,30000,
99,91018,0,0,0,99003,900,2,30000,
100,91019,0,0,0,99003,900,2,30000,
101,91020,0,0,0,99003,900,2,30000,
102,91021,0,0,0,99003,900,2,30000,
103,91022,0,0,0,99003,900,2,30000,
104,91023,0,0,0,99003,900,2,30000,
105,91024,0,0,0,99003,900,2,30000,
106,91001,0,0,0,991001,2000,2,30000,
107,91002,0,0,0,991001,2000,2,30000,
108,91003,0,0,0,991001,2000,2,30000,
109,91004,0,0,0,991001,2000,2,30000,
110,91005,0,0,0,991001,2000,2,30000,
111,91006,0,0,0,991001,2000,2,30000,
112,91007,0,0,0,991001,2000,2,30000,
113,91008,0,0,0,991001,2000,2,30000,
114,91009,0,0,0,991001,2000,2,30000,
115,91010,0,0,0,991001,2000,2,30000,
116,91011,0,0,0,991001,2000,2,30000,
117,91012,0,0,0,991001,2000,2,30000,
118,91013,0,0,0,991001,2000,2,30000,
119,91014,0,0,0,991001,2000,2,30000,
120,91015,0,0,0,991001,2000,2,30000,
121,91016,0,0,0,991001,2000,2,30000,
122,91017,0,0,0,991001,2000,2,30000,
123,91018,0,0,0,991001,2000,2,30000,
124,91019,0,0,0,991001,2000,2,30000,
125,91020,0,0,0,991001,2000,2,30000,
126,91021,0,0,0,991001,2000,2,30000,
127,91022,0,0,0,991001,2000,2,30000,
128,91023,0,0,0,991001,2000,2,30000,
129,91024,0,0,0,991001,2000,2,30000,
130,91001,0,0,0,991002,1100,2,30000,
131,91002,0,0,0,991002,1100,2,30000,
132,91003,0,0,0,991002,1100,2,30000,
133,91004,0,0,0,991002,1100,2,30000,
134,91005,0,0,0,991002,1100,2,30000,
135,91006,0,0,0,991002,1100,2,30000,
136,91007,0,0,0,991002,1100,2,30000,
137,91008,0,0,0,991002,1100,2,30000,
138,91009,0,0,0,991002,1100,2,30000,
139,91010,0,0,0,991002,1100,2,30000,
140,91011,0,0,0,991002,1100,2,30000,
141,91012,0,0,0,991002,1100,2,30000,
142,91013,0,0,0,991002,1100,2,30000,
143,91014,0,0,0,991002,1100,2,30000,
144,91015,0,0,0,991002,1100,2,30000,
145,91016,0,0,0,991002,1100,2,30000,
146,91017,0,0,0,991002,1100,2,30000,
147,91018,0,0,0,991002,1100,2,30000,
148,91019,0,0,0,991002,1100,2,30000,
149,91020,0,0,0,991002,1100,2,30000,
150,91021,0,0,0,991002,1100,2,30000,
151,91022,0,0,0,991002,1100,2,30000,
152,91023,0,0,0,991002,1100,2,30000,
153,91024,0,0,0,991002,1100,2,30000,
154,91001,0,0,0,991003,700,2,30000,
155,91002,0,0,0,991003,700,2,30000,
156,91003,0,0,0,991003,700,2,30000,
157,91004,0,0,0,991003,700,2,30000,
158,91005,0,0,0,991003,700,2,30000,
159,91006,0,0,0,991003,700,2,30000,
160,91007,0,0,0,991003,700,2,30000,
161,91008,0,0,0,991003,700,2,30000,
162,91009,0,0,0,991003,700,2,30000,
163,91010,0,0,0,991003,700,2,30000,
164,91011,0,0,0,991003,700,2,30000,
165,91012,0,0,0,991003,700,2,30000,
166,91013,0,0,0,991003,700,2,30000,
167,91014,0,0,0,991003,700,2,30000,
168,91015,0,0,0,991003,700,2,30000,
169,91016,0,0,0,991003,700,2,30000,
170,91017,0,0,0,991003,700,2,30000,
171,91018,0,0,0,991003,700,2,30000,
172,91019,0,0,0,991003,700,2,30000,
173,91020,0,0,0,991003,700,2,30000,
174,91021,0,0,0,991003,700,2,30000,
175,91022,0,0,0,991003,700,2,30000,
176,91023,0,0,0,991003,700,2,30000,
177,91024,0,0,0,991003,700,2,30000,
178,91001,0,0,0,993002,300,2,30000,
179,91002,0,0,0,993002,300,2,30000,
180,91003,0,0,0,993002,300,2,30000,
181,91004,0,0,0,993002,300,2,30000,
182,91005,0,0,0,993002,300,2,30000,
183,91006,0,0,0,993002,300,2,30000,
184,91007,0,0,0,993002,300,2,30000,
185,91008,0,0,0,993002,300,2,30000,
186,91009,0,0,0,993002,300,2,30000,
187,91010,0,0,0,993002,300,2,30000,
188,91011,0,0,0,993002,300,2,30000,
189,91012,0,0,0,993002,300,2,30000,
190,91013,0,0,0,993002,300,2,30000,
191,91014,0,0,0,993002,300,2,30000,
192,91015,0,0,0,993002,300,2,30000,
193,91016,0,0,0,993002,300,2,30000,
194,91017,0,0,0,993002,300,2,30000,
195,91018,0,0,0,993002,300,2,30000,
196,91019,0,0,0,993002,300,2,30000,
197,91020,0,0,0,993002,300,2,30000,
198,91021,0,0,0,993002,300,2,30000,
199,91022,0,0,0,993002,300,2,30000,
200,91023,0,0,0,993002,300,2,30000,
201,91024,0,0,0,993002,300,2,30000,
,,,,,,10000,,,
202,92000,0,0,0,99900,10000,2,30000,
203,92000,0,0,0,99001,3000,2,30000,
204,92000,0,0,0,99002,2000,2,30000,
205,92000,0,0,0,99003,1100,2,30000,
206,92000,0,0,0,993001,1500,2,30000,
208,92000,0,0,32000006,0,3000,2,30000,
209,92000,0,0,24040001,0,1000,2,30000,
210,93001,0,0,0,30002,2000,2,30000,
211,93002,0,0,0,30003,2000,2,30000,
212,93003,0,0,0,30004,2000,2,30000,
213,93004,0,0,0,30005,2000,2,30000,
214,93005,0,0,0,30006,2000,2,30000,
215,93006,0,0,0,30008,2000,2,30000,
216,93007,0,0,0,30011,2000,2,30000,
217,93008,0,0,0,30012,2000,2,30000,
218,93009,0,0,0,30013,2000,2,30000,
219,93010,0,0,0,30018,2000,2,30000,
220,93011,0,0,0,30017,2000,2,30000,
221,93012,0,0,0,30021,2000,2,30000,
222,93001,0,0,0,99900,500,2,30000,
223,93002,0,0,0,99900,500,2,30000,
224,93003,0,0,0,99900,500,2,30000,
225,93004,0,0,0,99900,500,2,30000,
226,93005,0,0,0,99900,500,2,30000,
227,93006,0,0,0,99900,500,2,30000,
228,93007,0,0,0,99900,500,2,30000,
229,93008,0,0,0,99900,500,2,30000,
230,93009,0,0,0,99900,500,2,30000,
231,93010,0,0,0,99900,500,2,30000,
232,93011,0,0,0,99900,500,2,30000,
233,93012,0,0,0,99900,500,2,30000,
234,93001,0,0,0,99001,3000,2,30000,
235,93002,0,0,0,99001,3000,2,30000,
236,93003,0,0,0,99001,3000,2,30000,
237,93004,0,0,0,99001,3000,2,30000,
238,93005,0,0,0,99001,3000,2,30000,
239,93006,0,0,0,99001,3000,2,30000,
240,93007,0,0,0,99001,3000,2,30000,
241,93008,0,0,0,99001,3000,2,30000,
242,93009,0,0,0,99001,3000,2,30000,
243,93010,0,0,0,99001,3000,2,30000,
244,93011,0,0,0,99001,3000,2,30000,
245,93012,0,0,0,99001,3000,2,30000,
246,93001,0,0,0,99002,2000,2,30000,
247,93002,0,0,0,99002,2000,2,30000,
248,93003,0,0,0,99002,2000,2,30000,
249,93004,0,0,0,99002,2000,2,30000,
250,93005,0,0,0,99002,2000,2,30000,
251,93006,0,0,0,99002,2000,2,30000,
252,93007,0,0,0,99002,2000,2,30000,
253,93008,0,0,0,99002,2000,2,30000,
254,93009,0,0,0,99002,2000,2,30000,
255,93010,0,0,0,99002,2000,2,30000,
256,93011,0,0,0,99002,2000,2,30000,
257,93012,0,0,0,99002,2000,2,30000,
258,93001,0,0,0,99003,1100,2,30000,
259,93002,0,0,0,99003,1100,2,30000,
260,93003,0,0,0,99003,1100,2,30000,
261,93004,0,0,0,99003,1100,2,30000,
262,93005,0,0,0,99003,1100,2,30000,
263,93006,0,0,0,99003,1100,2,30000,
264,93007,0,0,0,99003,1100,2,30000,
265,93008,0,0,0,99003,1100,2,30000,
266,93009,0,0,0,99003,1100,2,30000,
267,93010,0,0,0,99003,1100,2,30000,
268,93011,0,0,0,99003,1100,2,30000,
269,93012,0,0,0,99003,1100,2,30000,
270,93001,0,0,0,991001,2000,2,30000,
271,93002,0,0,0,991001,2000,2,30000,
272,93003,0,0,0,991001,2000,2,30000,
273,93004,0,0,0,991002,2000,2,30000,
274,93005,0,0,0,991002,2000,2,30000,
275,93006,0,0,0,991002,2000,2,30000,
276,93007,0,0,0,991003,2000,2,30000,
277,93008,0,0,0,991003,2000,2,30000,
278,93009,0,0,0,991003,2000,2,30000,
279,93010,0,0,0,993001,10000,2,30000,
280,93011,0,0,0,993001,10000,2,30000,
281,93012,0,0,0,993001,10000,2,30000,
282,93001,0,0,32000006,0,3000,2,30000,
283,93002,0,0,32000006,0,3000,2,30000,
284,93003,0,0,32000006,0,3000,2,30000,
285,93004,0,0,32000006,0,3000,2,30000,
286,93005,0,0,32000006,0,3000,2,30000,
287,93006,0,0,32000006,0,3000,2,30000,
288,93007,0,0,32000006,0,3000,2,30000,
289,93008,0,0,32000006,0,3000,2,30000,
290,93009,0,0,32000006,0,3000,2,30000,
291,93010,0,0,32000006,0,3000,2,30000,
292,93011,0,0,32000006,0,3000,2,30000,
293,93012,0,0,32000006,0,3000,2,30000,
294,93001,0,0,24040001,0,1000,2,30000,
295,93002,0,0,24040001,0,1000,2,30000,
296,93003,0,0,24040001,0,1000,2,30000,
297,93004,0,0,24040001,0,1000,2,30000,
298,93005,0,0,24040001,0,1000,2,30000,
299,93006,0,0,24040001,0,1000,2,30000,
300,93007,0,0,24040001,0,1000,2,30000,
301,93008,0,0,24040001,0,1000,2,30000,
302,93009,0,0,24040001,0,1000,2,30000,
303,93010,0,0,24040001,0,1000,2,30000,
304,93011,0,0,24040001,0,1000,2,30000,
305,93012,0,0,24040001,0,1000,2,30000,
306,94001,0,0,0,30000,2000,2,30000,
307,94002,0,0,0,30000,2000,2,30000,
308,94003,0,0,0,30000,2000,2,30000,
309,94004,0,0,0,30000,2000,2,30000,
310,94005,0,0,0,30000,2000,2,30000,
311,94006,0,0,0,30000,2000,2,30000,
312,94007,0,0,0,30000,2000,2,30000,
313,94008,0,0,0,30000,2000,2,30000,
314,94009,0,0,0,30000,2000,2,30000,
315,94010,0,0,0,30000,2000,2,30000,
316,94011,0,0,0,30000,2000,2,30000,
317,94012,0,0,0,30000,2000,2,30000,
318,94013,0,0,0,30000,2000,2,30000,
319,94014,0,0,0,30000,2000,2,30000,
320,94101,0,0,0,30000,2000,2,30000,
321,94102,0,0,0,30000,2000,2,30000,
322,94103,0,0,0,30000,2000,2,30000,
323,94104,0,0,0,30000,2000,2,30000,
324,94105,0,0,0,30000,2000,2,30000,
325,94106,0,0,0,30000,2000,2,30000,
326,94107,0,0,0,30000,2000,2,30000,
327,94108,0,0,0,30000,2000,2,30000,
328,94109,0,0,0,30000,2000,2,30000,
329,94110,0,0,0,30000,2000,2,30000,
330,94111,0,0,0,30000,2000,2,30000,
331,94200,0,0,0,30000,10000,2,30000,
332,94001,0,0,0,99900,500,2,30000,
333,94002,0,0,0,99900,500,2,30000,
334,94003,0,0,0,99900,500,2,30000,
335,94004,0,0,0,99900,500,2,30000,
336,94005,0,0,0,99900,500,2,30000,
337,94006,0,0,0,99900,500,2,30000,
338,94007,0,0,0,99900,500,2,30000,
339,94008,0,0,0,99900,500,2,30000,
340,94009,0,0,0,99900,500,2,30000,
341,94010,0,0,0,99900,500,2,30000,
342,94011,0,0,0,99900,500,2,30000,
343,94012,0,0,0,99900,500,2,30000,
344,94013,0,0,0,99900,500,2,30000,
345,94014,0,0,0,99900,500,2,30000,
346,94101,0,0,0,99900,500,2,30000,
347,94102,0,0,0,99900,500,2,30000,
348,94103,0,0,0,99900,500,2,30000,
349,94104,0,0,0,99900,500,2,30000,
350,94105,0,0,0,99900,500,2,30000,
351,94106,0,0,0,99900,500,2,30000,
352,94107,0,0,0,99900,500,2,30000,
353,94108,0,0,0,99900,500,2,30000,
354,94109,0,0,0,99900,500,2,30000,
355,94110,0,0,0,99900,500,2,30000,
356,94111,0,0,0,99900,500,2,30000,
357,94200,0,0,0,99900,500,2,30000,
358,94001,0,0,0,991001,2000,2,30000,
359,94002,0,0,0,991001,2000,2,30000,
360,94003,0,0,0,991001,2000,2,30000,
361,94004,0,0,0,991001,2000,2,30000,
362,94005,0,0,0,991001,2000,2,30000,
363,94006,0,0,0,991001,2000,2,30000,
364,94007,0,0,0,991001,2000,2,30000,
365,94008,0,0,0,991001,2000,2,30000,
366,94009,0,0,0,991001,2000,2,30000,
367,94010,0,0,0,991001,2000,2,30000,
368,94011,0,0,0,991001,2000,2,30000,
369,94012,0,0,0,991001,2000,2,30000,
370,94013,0,0,0,991001,2000,2,30000,
371,94014,0,0,0,991001,2000,2,30000,
372,94101,0,0,0,991002,2000,2,30000,
373,94102,0,0,0,991002,2000,2,30000,
374,94103,0,0,0,991002,2000,2,30000,
375,94104,0,0,0,991002,2000,2,30000,
376,94105,0,0,0,991002,2000,2,30000,
377,94106,0,0,0,991002,2000,2,30000,
378,94107,0,0,0,991002,2000,2,30000,
379,94108,0,0,0,991002,2000,2,30000,
380,94109,0,0,0,991002,2000,2,30000,
381,94110,0,0,0,991002,2000,2,30000,
382,94111,0,0,0,991002,2000,2,30000,
383,94200,0,0,0,991003,2000,2,30000,
385,94001,0,0,0,99001,3000,2,30000,
386,94002,0,0,0,99001,3000,2,30000,
387,94003,0,0,0,99001,3000,2,30000,
388,94004,0,0,0,99001,3000,2,30000,
389,94005,0,0,0,99001,3000,2,30000,
390,94006,0,0,0,99001,3000,2,30000,
391,94007,0,0,0,99001,3000,2,30000,
392,94008,0,0,0,99001,3000,2,30000,
393,94009,0,0,0,99001,3000,2,30000,
394,94010,0,0,0,99001,3000,2,30000,
395,94011,0,0,0,99001,3000,2,30000,
396,94012,0,0,0,99001,3000,2,30000,
397,94013,0,0,0,99001,3000,2,30000,
398,94014,0,0,0,99001,3000,2,30000,
399,94101,0,0,0,99001,3000,2,30000,
400,94102,0,0,0,99001,3000,2,30000,
401,94103,0,0,0,99001,3000,2,30000,
402,94104,0,0,0,99001,3000,2,30000,
403,94105,0,0,0,99001,3000,2,30000,
404,94106,0,0,0,99001,3000,2,30000,
405,94107,0,0,0,99001,3000,2,30000,
406,94108,0,0,0,99001,3000,2,30000,
407,94109,0,0,0,99001,3000,2,30000,
408,94110,0,0,0,99001,3000,2,30000,
409,94111,0,0,0,99001,3000,2,30000,
410,94200,0,0,0,99001,3000,2,30000,
411,94001,0,0,0,99002,2000,2,30000,
412,94002,0,0,0,99002,2000,2,30000,
413,94003,0,0,0,99002,2000,2,30000,
414,94004,0,0,0,99002,2000,2,30000,
415,94005,0,0,0,99002,2000,2,30000,
416,94006,0,0,0,99002,2000,2,30000,
417,94007,0,0,0,99002,2000,2,30000,
418,94008,0,0,0,99002,2000,2,30000,
419,94009,0,0,0,99002,2000,2,30000,
420,94010,0,0,0,99002,2000,2,30000,
421,94011,0,0,0,99002,2000,2,30000,
422,94012,0,0,0,99002,2000,2,30000,
423,94013,0,0,0,99002,2000,2,30000,
424,94014,0,0,0,99002,2000,2,30000,
425,94101,0,0,0,99002,2000,2,30000,
426,94102,0,0,0,99002,2000,2,30000,
427,94103,0,0,0,99002,2000,2,30000,
428,94104,0,0,0,99002,2000,2,30000,
429,94105,0,0,0,99002,2000,2,30000,
430,94106,0,0,0,99002,2000,2,30000,
431,94107,0,0,0,99002,2000,2,30000,
432,94108,0,0,0,99002,2000,2,30000,
433,94109,0,0,0,99002,2000,2,30000,
434,94110,0,0,0,99002,2000,2,30000,
435,94111,0,0,0,99002,2000,2,30000,
436,94200,0,0,0,99002,2000,2,30000,
437,94001,0,0,0,99003,1100,2,30000,
438,94002,0,0,0,99003,1100,2,30000,
439,94003,0,0,0,99003,1100,2,30000,
440,94004,0,0,0,99003,1100,2,30000,
441,94005,0,0,0,99003,1100,2,30000,
442,94006,0,0,0,99003,1100,2,30000,
443,94007,0,0,0,99003,1100,2,30000,
444,94008,0,0,0,99003,1100,2,30000,
445,94009,0,0,0,99003,1100,2,30000,
446,94010,0,0,0,99003,1100,2,30000,
447,94011,0,0,0,99003,1100,2,30000,
448,94012,0,0,0,99003,1100,2,30000,
449,94013,0,0,0,99003,1100,2,30000,
450,94014,0,0,0,99003,1100,2,30000,
451,94101,0,0,0,99003,1100,2,30000,
452,94102,0,0,0,99003,1100,2,30000,
453,94103,0,0,0,99003,1100,2,30000,
454,94104,0,0,0,99003,1100,2,30000,
455,94105,0,0,0,99003,1100,2,30000,
456,94106,0,0,0,99003,1100,2,30000,
457,94107,0,0,0,99003,1100,2,30000,
458,94108,0,0,0,99003,1100,2,30000,
459,94109,0,0,0,99003,1100,2,30000,
460,94110,0,0,0,99003,1100,2,30000,
461,94111,0,0,0,99003,1100,2,30000,
462,94200,0,0,0,99003,1100,2,30000,
463,94101,0,0,0,99004,700,2,30000,
464,94102,0,0,0,99004,700,2,30000,
465,94103,0,0,0,99004,700,2,30000,
466,94104,0,0,0,99004,700,2,30000,
467,94105,0,0,0,99004,700,2,30000,
468,94106,0,0,0,99004,700,2,30000,
469,94107,0,0,0,99004,700,2,30000,
470,94108,0,0,0,99004,700,2,30000,
471,94109,0,0,0,99004,700,2,30000,
472,94110,0,0,0,99004,700,2,30000,
473,94111,0,0,0,99004,700,2,30000,
474,94200,0,0,0,99004,1100,2,30000,
475,94200,0,0,0,99005,500,2,30000,
476,94001,0,0,32000006,0,3000,2,30000,
477,94002,0,0,32000006,0,3000,2,30000,
478,94003,0,0,32000006,0,3000,2,30000,
479,94004,0,0,32000006,0,3000,2,30000,
480,94005,0,0,32000006,0,3000,2,30000,
481,94006,0,0,32000006,0,3000,2,30000,
482,94007,0,0,32000006,0,3000,2,30000,
483,94008,0,0,32000006,0,3000,2,30000,
484,94009,0,0,32000006,0,3000,2,30000,
485,94010,0,0,32000006,0,3000,2,30000,
486,94011,0,0,32000006,0,3000,2,30000,
487,94012,0,0,32000006,0,3000,2,30000,
488,94013,0,0,32000006,0,3000,2,30000,
489,94014,0,0,32000006,0,3000,2,30000,
490,94101,0,0,32000006,0,3000,2,30000,
491,94102,0,0,32000006,0,3000,2,30000,
492,94103,0,0,32000006,0,3000,2,30000,
493,94104,0,0,32000006,0,3000,2,30000,
494,94105,0,0,32000006,0,3000,2,30000,
495,94106,0,0,32000006,0,3000,2,30000,
496,94107,0,0,32000006,0,3000,2,30000,
497,94108,0,0,32000006,0,3000,2,30000,
498,94109,0,0,32000006,0,3000,2,30000,
499,94110,0,0,32000006,0,3000,2,30000,
500,94111,0,0,32000006,0,3000,2,30000,
501,94200,0,0,32000006,0,3000,2,30000,
502,94001,0,0,24040001,0,1000,2,30000,
503,94002,0,0,24040001,0,1000,2,30000,
504,94003,0,0,24040001,0,1000,2,30000,
505,94004,0,0,24040001,0,1000,2,30000,
506,94005,0,0,24040001,0,1000,2,30000,
507,94006,0,0,24040001,0,1000,2,30000,
508,94007,0,0,24040001,0,1000,2,30000,
509,94008,0,0,24040001,0,1000,2,30000,
510,94009,0,0,24040001,0,1000,2,30000,
511,94010,0,0,24040001,0,1000,2,30000,
512,94011,0,0,24040001,0,1000,2,30000,
513,94012,0,0,24040001,0,1000,2,30000,
514,94013,0,0,24040001,0,1000,2,30000,
515,94014,0,0,24040001,0,1000,2,30000,
516,94101,0,0,24040001,0,1000,2,30000,
517,94102,0,0,24040001,0,1000,2,30000,
518,94103,0,0,24040001,0,1000,2,30000,
519,94104,0,0,24040001,0,1000,2,30000,
520,94105,0,0,24040001,0,1000,2,30000,
521,94106,0,0,24040001,0,1000,2,30000,
522,94107,0,0,24040001,0,1000,2,30000,
523,94108,0,0,24040001,0,1000,2,30000,
524,94109,0,0,24040001,0,1000,2,30000,
525,94110,0,0,24040001,0,1000,2,30000,
526,94111,0,0,24040001,0,1000,2,30000,
527,94200,0,0,24040001,0,1000,2,30000,
528,99100,0,0,0,30000,5000,2,30000,
529,99100,0,0,0,99900,10000,2,30000,
530,99100,0,0,0,99001,3000,2,30000,
531,99100,0,0,0,99002,3000,2,30000,
532,99100,0,0,0,99003,2000,2,30000,
533,99100,0,0,0,99004,1100,2,30000,
534,99100,0,0,0,99005,700,2,30000,
535,99100,0,0,0,993001,10000,2,30000,
537,99100,0,0,32000006,0,3000,2,30000,
538,99100,0,0,24040001,0,1000,2,30000,
539,99100,0,0,27050001,0,700,2,30000,
540,99200,0,0,0,30000,5000,2,30000,
541,99200,0,0,0,99900,10000,2,30000,
542,99200,0,0,0,99001,3000,2,30000,
543,99200,0,0,0,99002,3000,2,30000,
544,99200,0,0,0,99003,2000,2,30000,
545,99200,0,0,0,99004,1100,2,30000,
546,99200,0,0,0,99005,700,2,30000,
547,99200,0,0,0,993001,10000,2,30000,
549,99200,0,0,32000006,0,3000,2,30000,
550,99200,0,0,24040001,0,1000,2,30000,
551,99200,0,0,27050001,0,700,2,30000,
552,99300,0,0,0,30000,5000,2,30000,
553,99300,0,0,0,99900,10000,2,30000,
554,99300,0,0,0,99001,3000,2,30000,
555,99300,0,0,0,99002,3000,2,30000,
556,99300,0,0,0,99003,2000,2,30000,
557,99300,0,0,0,99004,1100,2,30000,
558,99300,0,0,0,99005,700,2,30000,
559,99300,0,0,0,993001,10000,2,30000,
561,99300,0,0,32000006,0,3000,2,30000,
562,99300,0,0,24040001,0,1000,2,30000,
563,99300,0,0,27050001,0,700,2,30000,
564,99400,0,0,0,99900,10000,2,30000,
565,99400,0,0,0,99001,3000,2,30000,
566,99400,0,0,0,99002,3000,2,30000,
567,99400,0,0,0,99003,2000,2,30000,
568,99400,0,0,0,99004,1100,2,30000,
569,99400,0,0,0,99005,700,2,30000,
570,99400,0,0,0,99006,700,2,30000,
571,99400,0,0,0,993001,10000,2,30000,
573,99400,0,0,32000006,0,3000,2,30000,
574,99400,0,0,24040001,0,1000,2,30000,
575,99400,0,0,27050001,0,700,2,30000,
576,99400,0,0,99990007,0,10000,2,30000,
577,99400,0,0,99990008,0,700,2,30000,
578,99400,0,0,99990009,0,700,2,30000,
579,99500,0,0,0,99900,10000,2,30000,
580,99500,0,0,0,99001,3000,2,30000,
581,99500,0,0,0,99002,3000,2,30000,
582,99500,0,0,0,99003,2000,2,30000,
583,99500,0,0,0,99004,1100,2,30000,
584,99500,0,0,0,99005,700,2,30000,
585,99500,0,0,0,99006,700,2,30000,
586,99500,0,0,0,993001,10000,2,30000,
588,99500,0,0,32000006,0,3000,2,30000,
589,99500,0,0,24040001,0,1000,2,30000,
590,99500,0,0,27050001,0,700,2,30000,
591,99500,0,0,99990007,0,10000,2,30000,
592,99500,0,0,99990008,0,700,2,30000,
593,99500,0,0,99990009,0,700,2,30000,
594,99600,0,0,0,99900,10000,2,30000,
595,99600,0,0,0,99001,3000,2,30000,
596,99600,0,0,0,99002,3000,2,30000,
597,99600,0,0,0,99003,2000,2,30000,
598,99600,0,0,0,99004,1100,2,30000,
599,99600,0,0,0,99005,1100,2,30000,
600,99600,0,0,0,99006,900,2,30000,
601,99600,0,0,0,99007,700,2,30000,
602,99600,0,0,0,993001,10000,2,30000,
604,99600,0,0,32000006,0,3000,2,30000,
605,99600,0,0,24040001,0,1000,2,30000,
606,99600,0,0,27050001,0,700,2,30000,
607,99600,0,0,99990007,0,10000,2,30000,
608,99600,0,0,99990008,0,700,2,30000,
609,99600,0,0,99990009,0,700,2,30000,
610,99700,0,0,0,99900,10000,2,30000,
611,99700,0,0,0,99001,3000,2,30000,
612,99700,0,0,0,99002,3000,2,30000,
613,99700,0,0,0,99003,2000,2,30000,
614,99700,0,0,0,99004,1100,2,30000,
615,99700,0,0,0,99005,1100,2,30000,
616,99700,0,0,0,99006,900,2,30000,
617,99700,0,0,0,99007,700,2,30000,
618,99700,0,0,0,993001,10000,2,30000,
620,99700,0,0,32000006,0,3000,2,30000,
621,99700,0,0,24040001,0,1000,2,30000,
622,99700,0,0,27050001,0,700,2,30000,
623,99700,0,0,99990007,0,10000,2,30000,
624,99700,0,0,99990008,0,1000,2,30000,
625,99700,0,0,99990009,0,700,2,30000,
626,99800,0,0,0,99900,10000,2,30000,
627,99800,0,0,0,99001,3000,2,30000,
628,99800,0,0,0,99002,3000,2,30000,
629,99800,0,0,0,99003,2000,2,30000,
630,99800,0,0,0,99004,1100,2,30000,
631,99800,0,0,0,99005,1100,2,30000,
632,99800,0,0,0,99006,900,2,30000,
633,99800,0,0,0,99007,700,2,30000,
634,99800,0,0,0,993001,10000,2,30000,
636,99800,0,0,32000006,0,3000,2,30000,
637,99800,0,0,24040001,0,1000,2,30000,
638,99800,0,0,27050001,0,700,2,30000,
639,99800,0,0,99990007,0,10000,2,30000,
640,99800,0,0,99990008,0,1000,2,30000,
641,99800,0,0,99990009,0,1000,2,30000,
642,9906000,0,0,21010013,0,10000,2,30000,
643,9906000,0,0,21010013,0,10000,2,30000,
644,9906000,0,0,21010013,0,10000,2,30000,
645,9906000,0,0,21010013,0,10000,2,30000,
646,9906000,0,0,21010013,0,10000,2,30000,
647,9906000,0,0,21010013,0,10000,2,30000,
648,9906000,0,0,21010013,0,10000,2,30000,
649,9906000,0,0,21010013,0,10000,2,30000,
650,9906000,0,0,21010013,0,10000,2,30000,
651,9906000,0,0,21010013,0,10000,2,30000,
652,9906000,0,0,21010013,0,10000,2,30000,
653,9906000,0,0,21010013,0,10000,2,30000,
654,9906000,0,0,21010013,0,10000,2,30000,
655,9906000,0,0,21010013,0,10000,2,30000,
656,9906000,0,0,21010013,0,10000,2,30000,
657,9906000,0,0,21010013,0,10000,2,30000,
658,9906000,0,0,21010013,0,10000,2,30000,
659,9906000,0,0,21010013,0,10000,2,30000,
660,9906000,0,0,21010013,0,10000,2,30000,
661,9906000,0,0,21010013,0,10000,2,30000,
662,9906000,0,0,21010013,0,10000,2,30000,
663,9906000,0,0,21010013,0,10000,2,30000,
664,9906000,0,0,21010013,0,10000,2,30000,
665,9906000,0,0,21010013,0,10000,2,30000,
666,9906000,0,0,21010013,0,10000,2,30000,
667,9906000,0,0,21010013,0,10000,2,30000,
668,9906000,0,0,21010013,0,10000,2,30000,
669,9906000,0,0,21010013,0,10000,2,30000,
670,9906000,0,0,21010013,0,10000,2,30000,
671,9906000,0,0,21010013,0,10000,2,30000,
672,9906000,0,0,21010013,0,10000,2,30000,
673,9906000,0,0,21010013,0,10000,2,30000,
674,9906000,0,0,21010013,0,10000,2,30000,
675,9906000,0,0,21010013,0,10000,2,30000,
676,9906000,0,0,21010013,0,10000,2,30000,
677,9906000,0,0,21010013,0,10000,2,30000,
678,9906000,0,0,21010013,0,10000,2,30000,
679,9906000,0,0,21010013,0,10000,2,30000,
680,9906000,0,0,21010013,0,10000,2,30000,
681,9906000,0,0,21010013,0,10000,2,30000,
682,9906000,0,0,21010013,0,10000,2,30000,
683,9906000,0,0,21010013,0,10000,2,30000,
684,9906000,0,0,21010013,0,10000,2,30000,
685,9906000,0,0,21010013,0,10000,2,30000,
686,9906000,0,0,21010013,0,10000,2,30000,
687,9906000,0,0,21010013,0,10000,2,30000,
688,9906000,0,0,21010013,0,10000,2,30000,
689,9906000,0,0,21010013,0,10000,2,30000,
690,9906000,0,0,21010013,0,10000,2,30000,
691,9999981,0,0,21010019,0,10000,2,30000,
692,9999982,10000,100000,0,0,10000,2,30000,
693,9999983,0,0,21010019,0,10000,2,30000,
694,50002,0,0,0,993001,10000,2,0,
695,95000,0,0,32000004,0,10000,2,30000,
696,95001,0,0,0,99900,10000,2,30000,
697,95002,0,0,0,99900,10000,2,30000,
698,95003,0,0,0,99900,10000,2,30000,
699,95004,0,0,0,99900,10000,2,30000,
700,95005,0,0,0,99900,10000,2,30000,
701,95006,0,0,0,99900,10000,2,30000,
702,95007,0,0,0,99900,10000,2,30000,
703,95008,0,0,0,99900,10000,2,30000,
704,95009,0,0,0,99900,10000,2,30000,
705,95010,0,0,0,99900,10000,2,30000,
706,95001,0,0,0,991001,10000,2,30000,
707,95002,0,0,0,991001,10000,2,30000,
708,95003,0,0,0,991001,10000,2,30000,
709,95004,0,0,0,991002,10000,2,30000,
710,95005,0,0,0,991002,10000,2,30000,
711,95006,0,0,0,991002,10000,2,30000,
712,95007,0,0,0,991003,10000,2,30000,
713,95008,0,0,0,991003,10000,2,30000,
714,95009,0,0,0,991003,10000,2,30000,
715,95010,0,0,0,993001,10000,2,30000,
717,95001,0,0,0,991001,10000,2,30000,
718,95002,0,0,0,991001,10000,2,30000,
719,95003,0,0,0,991001,10000,2,30000,
720,95004,0,0,0,991002,10000,2,30000,
721,95005,0,0,0,991002,10000,2,30000,
722,95006,0,0,0,991002,10000,2,30000,
723,95007,0,0,0,991003,10000,2,30000,
724,95008,0,0,0,991003,10000,2,30000,
725,95009,0,0,0,991003,10000,2,30000,
726,95010,0,0,0,993001,10000,2,30000,
727,95001,0,0,0,99002,10000,2,30000,
728,95002,0,0,0,99002,10000,2,30000,
729,95003,0,0,0,99002,10000,2,30000,
730,95004,0,0,0,99002,10000,2,30000,
731,95005,0,0,0,99002,10000,2,30000,
732,95006,0,0,0,99002,10000,2,30000,
733,95007,0,0,0,99002,10000,2,30000,
734,95008,0,0,0,99002,10000,2,30000,
735,95009,0,0,0,99002,10000,2,30000,
736,95010,0,0,0,99002,10000,2,30000,
737,95001,0,0,0,99003,9000,2,30000,
738,95002,0,0,0,99003,9000,2,30000,
739,95003,0,0,0,99003,9000,2,30000,
740,95004,0,0,0,99003,9000,2,30000,
741,95005,0,0,0,99003,9000,2,30000,
742,95006,0,0,0,99003,9000,2,30000,
743,95007,0,0,0,99003,9000,2,30000,
744,95008,0,0,0,99003,9000,2,30000,
745,95009,0,0,0,99003,9000,2,30000,
746,95010,0,0,0,99003,9000,2,30000,
747,95001,0,0,0,99004,5000,2,30000,
748,95002,0,0,0,99004,5000,2,30000,
749,95003,0,0,0,99004,5000,2,30000,
750,95004,0,0,0,99004,5000,2,30000,
751,95005,0,0,0,99004,5000,2,30000,
752,95006,0,0,0,99004,5000,2,30000,
753,95007,0,0,0,99004,5000,2,30000,
754,95008,0,0,0,99004,5000,2,30000,
755,95009,0,0,0,99004,5000,2,30000,
756,95010,0,0,0,99004,5000,2,30000,
757,95001,0,0,0,99005,5000,2,30000,
758,95002,0,0,0,99005,5000,2,30000,
759,95003,0,0,0,99005,5000,2,30000,
760,95004,0,0,0,99005,5000,2,30000,
761,95005,0,0,0,99005,5000,2,30000,
762,95006,0,0,0,99005,5000,2,30000,
763,95007,0,0,0,99005,5000,2,30000,
764,95008,0,0,0,99005,5000,2,30000,
765,95009,0,0,0,99005,5000,2,30000,
766,95010,0,0,0,99005,5000,2,30000,
767,95001,0,0,0,99006,5000,2,30000,
768,95002,0,0,0,99006,5000,2,30000,
769,95003,0,0,0,99006,5000,2,30000,
770,95004,0,0,0,99006,5000,2,30000,
771,95005,0,0,0,99006,5000,2,30000,
772,95006,0,0,0,99006,5000,2,30000,
773,95007,0,0,0,99006,5000,2,30000,
774,95008,0,0,0,99006,5000,2,30000,
775,95009,0,0,0,99006,5000,2,30000,
776,95010,0,0,0,99006,5000,2,30000,
777,95010,0,0,0,99007,10000,2,30000,
778,95001,0,0,99990007,0,10000,2,30000,
779,95002,0,0,99990007,0,10000,2,30000,
780,95003,0,0,99990007,0,10000,2,30000,
781,95004,0,0,99990007,0,10000,2,30000,
782,95005,0,0,99990007,0,10000,2,30000,
783,95006,0,0,99990007,0,10000,2,30000,
784,95007,0,0,99990007,0,10000,2,30000,
785,95008,0,0,99990007,0,10000,2,30000,
786,95009,0,0,99990007,0,10000,2,30000,
787,95010,0,0,99990007,0,10000,2,30000,
788,95001,0,0,99990008,0,5000,2,30000,
789,95002,0,0,99990008,0,5000,2,30000,
790,95003,0,0,99990008,0,5000,2,30000,
791,95004,0,0,99990008,0,5000,2,30000,
792,95005,0,0,99990008,0,5000,2,30000,
793,95006,0,0,99990008,0,5000,2,30000,
794,95007,0,0,99990008,0,5000,2,30000,
795,95008,0,0,99990008,0,5000,2,30000,
796,95009,0,0,99990008,0,5000,2,30000,
797,95010,0,0,99990008,0,5000,2,30000,
798,95001,0,0,99990009,0,5000,2,30000,
799,95002,0,0,99990009,0,5000,2,30000,
800,95003,0,0,99990009,0,5000,2,30000,
801,95004,0,0,99990009,0,5000,2,30000,
802,95005,0,0,99990009,0,5000,2,30000,
803,95006,0,0,99990009,0,5000,2,30000,
804,95007,0,0,99990009,0,5000,2,30000,
805,95008,0,0,99990009,0,5000,2,30000,
806,95009,0,0,99990009,0,5000,2,30000,
807,95010,0,0,99990009,0,5000,2,30000,
808,95001,0,0,27050001,0,5000,2,30000,
809,95002,0,0,27050001,0,5000,2,30000,
810,95003,0,0,27050001,0,5000,2,30000,
811,95004,0,0,27050001,0,5000,2,30000,
812,95005,0,0,27050001,0,5000,2,30000,
813,95006,0,0,27050001,0,5000,2,30000,
814,95007,0,0,27050001,0,5000,2,30000,
815,95008,0,0,27050001,0,5000,2,30000,
816,95009,0,0,27050001,0,5000,2,30000,
817,95010,0,0,27050001,0,5000,2,30000,
818,95001,0,0,32000006,0,10000,2,30000,
819,95002,0,0,32000006,0,10000,2,30000,
820,95003,0,0,32000006,0,10000,2,30000,
821,95004,0,0,32000006,0,10000,2,30000,
822,95005,0,0,32000006,0,10000,2,30000,
823,95006,0,0,32000006,0,10000,2,30000,
824,95007,0,0,32000006,0,10000,2,30000,
825,95008,0,0,32000006,0,10000,2,30000,
826,95009,0,0,32000006,0,10000,2,30000,
827,95010,0,0,32000006,0,10000,2,30000,
828,95001,0,0,24040001,0,10000,2,30000,
829,95002,0,0,24040001,0,10000,2,30000,
830,95003,0,0,24040001,0,10000,2,30000,
831,95004,0,0,24040001,0,10000,2,30000,
832,95005,0,0,24040001,0,10000,2,30000,
833,95006,0,0,24040001,0,10000,2,30000,
834,95007,0,0,24040001,0,10000,2,30000,
835,95008,0,0,24040001,0,10000,2,30000,
836,95009,0,0,24040001,0,10000,2,30000,
837,95010,0,0,24040001,0,10000,2,30000,
837,991000,0,0,0,99900,10000,2,30000,
838,991000,0,0,0,99001,3000,2,30000,
839,991000,0,0,0,99002,3000,2,30000,
840,991000,0,0,0,99003,2000,2,30000,
841,991000,0,0,0,99004,1500,2,30000,
842,991000,0,0,0,99005,1100,2,30000,
843,991000,0,0,0,99006,1100,2,30000,
844,991000,0,0,0,99007,900,2,30000,
845,991000,0,0,0,99008,700,2,30000,
846,991000,0,0,0,993001,10000,2,30000,
847,991000,0,0,32000006,0,3000,2,30000,
848,991000,0,0,24040001,0,1000,2,30000,
849,991000,0,0,27050001,0,700,2,30000,
850,991000,0,0,99990007,0,10000,2,30000,
851,991000,0,0,99990008,0,1000,2,30000,
852,991000,0,0,99990009,0,1000,2,30000,
853,992000,0,0,0,99900,10000,2,30000,
854,992000,0,0,0,99001,3000,2,30000,
855,992000,0,0,0,99002,3000,2,30000,
856,992000,0,0,0,99003,2000,2,30000,
857,992000,0,0,0,99004,1500,2,30000,
858,992000,0,0,0,99005,1100,2,30000,
859,992000,0,0,0,99006,1100,2,30000,
860,992000,0,0,0,99007,900,2,30000,
861,992000,0,0,0,99008,700,2,30000,
862,992000,0,0,0,99009,400,2,30000,
863,992000,0,0,0,993001,10000,2,30000,
864,992000,0,0,32000006,0,3000,2,30000,
865,992000,0,0,24040001,0,1000,2,30000,
866,992000,0,0,27050001,0,700,2,30000,
867,992000,0,0,99990007,0,10000,2,30000,
868,992000,0,0,99990008,0,1000,2,30000,
869,992000,0,0,99990009,0,1000,2,30000,
870,994000,0,0,0,30000,3000,2,30000,
871,994000,0,0,0,99900,9000,2,30000,
872,994000,0,0,0,99001,2000,2,30000,
873,994000,0,0,0,99002,1500,2,30000,
874,994000,0,0,0,99003,900,2,30000,
875,994000,0,0,0,99004,700,2,30000,
876,994000,0,0,0,99005,500,2,30000,
877,994000,0,0,0,993001,10000,2,30000,
878,994000,0,0,32000006,0,3000,2,30000,
879,994000,0,0,24040001,0,1000,2,30000,
880,994000,0,0,23110004,0,10000,2,30000,
881,995000,0,0,0,99900,10000,2,30000,
882,995000,0,0,23110004,0,10000,2,30000,
883,995000,0,0,23110004,0,10000,2,30000,
884,995000,0,0,99990008,0,10000,2,30000,
885,995000,0,0,99990008,0,10000,2,30000,
886,995000,0,0,23110004,0,10000,2,30000,
887,995000,0,0,23110004,0,10000,2,30000,
888,995000,0,0,23110004,0,10000,2,30000,
889,995000,0,0,99990008,0,10000,2,30000,
890,995000,0,0,99990008,0,10000,2,30000,
891,995000,0,0,99990007,0,10000,2,30000,
892,995000,0,0,99990007,0,10000,2,30000,
893,995000,0,0,23110004,0,10000,2,30000,
894,995000,0,0,23110004,0,10000,2,30000,
895,995000,0,0,23110004,0,10000,2,30000,
896,995000,0,0,23110004,0,10000,2,30000,
897,995000,0,0,0,99900,10000,2,30000,
898,995000,0,0,0,99900,10000,2,30000,
899,995000,0,0,0,99900,10000,2,30000,
901,995000,0,0,99990008,0,10000,2,30000,
902,995000,0,0,99990008,0,10000,2,30000,
903,995000,0,0,99990007,0,10000,2,30000,
904,995000,0,0,99990007,0,10000,2,30000,
905,995000,0,0,23110004,0,10000,2,30000,
906,995000,0,0,0,99900,10000,2,30000,
907,995000,0,0,0,99900,10000,2,30000,
908,995000,0,0,0,99900,10000,2,30000,
909,995000,0,0,0,99900,10000,2,30000,
910,995000,0,0,0,99900,10000,2,30000,
911,995000,0,0,0,99900,10000,2,30000,
912,995000,0,0,0,99900,10000,2,30000,
913,995000,0,0,23110004,0,10000,2,30000,
914,995000,0,0,23110004,0,10000,2,30000,
915,995000,0,0,23110004,0,10000,2,30000,
916,995000,0,0,23100008,0,10000,2,30000,
917,995000,0,0,23100008,0,10000,2,30000,
918,995000,0,0,23100008,0,10000,2,30000,
919,995000,0,0,23110004,0,10000,2,30000,
920,995000,0,0,0,99900,10000,2,30000,
921,995000,0,0,0,99900,10000,2,30000,
922,995000,0,0,0,99900,10000,2,30000,
923,995000,0,0,0,99900,10000,2,30000,
924,995000,0,0,0,99900,10000,2,30000,
925,995000,0,0,0,99900,10000,2,30000,
926,995000,0,0,23110004,0,10000,2,30000,
927,995000,0,0,23110004,0,10000,2,30000,
930,995000,0,0,99990008,0,10000,2,30000,
931,995000,0,0,99990008,0,10000,2,30000,
932,995000,0,0,23110004,0,10000,2,30000,
933,995000,0,0,23110004,0,10000,2,30000,
934,995000,0,0,0,99900,10000,2,30000,
935,995000,0,0,0,99900,10000,2,30000,
936,995000,0,0,0,99900,10000,2,30000,
937,995000,0,0,0,99900,10000,2,30000,
938,995000,0,0,0,99900,10000,2,30000,
939,995000,0,0,0,99900,10000,2,30000,
940,995000,0,0,0,99900,10000,2,30000,
941,995000,0,0,0,99900,10000,2,30000,
942,995000,0,0,23110004,0,10000,2,30000,
943,995000,0,0,23110004,0,10000,2,30000,
944,995000,0,0,23110004,0,10000,2,30000,
945,995000,0,0,23110004,0,10000,2,30000,
946,995000,0,0,23110004,0,10000,2,30000,
947,995000,0,0,23110004,0,10000,2,30000,
948,995000,0,0,99990007,0,10000,2,30000,
949,995000,0,0,99990007,0,10000,2,30000,
950,995000,0,0,99990008,0,10000,2,30000,
951,995000,0,0,99990008,0,10000,2,30000,
952,995000,0,0,0,99900,10000,2,30000,
953,995000,0,0,0,99900,10000,2,30000,
954,995000,0,0,0,99900,10000,2,30000,
955,995000,0,0,0,99900,10000,2,30000,
956,995000,0,0,0,99900,10000,2,30000,
957,995000,0,0,0,99900,10000,2,30000,
958,995000,0,0,23110004,0,10000,2,30000,
959,995000,0,0,23110004,0,10000,2,30000,
960,995000,0,0,23110004,0,10000,2,30000,
961,995000,0,0,23110004,0,10000,2,30000,
962,995000,0,0,23110004,0,10000,2,30000,
967,995000,0,0,99990007,0,10000,2,30000,
968,995000,0,0,99990007,0,10000,2,30000,
969,995000,0,0,99990007,0,10000,2,30000,
970,995000,0,0,99990007,0,10000,2,30000,
971,995000,0,0,23110004,0,10000,2,30000,
972,995000,0,0,0,99900,10000,2,30000,
973,995000,0,0,0,99900,10000,2,30000,
974,995000,0,0,0,99900,10000,2,30000,
975,995000,0,0,0,99900,10000,2,30000,
976,995000,0,0,0,99900,10000,2,30000,
977,995000,0,0,23110004,0,10000,2,30000,
978,995000,0,0,23110004,0,10000,2,30000,
979,995000,0,0,23110004,0,10000,2,30000,
980,995000,0,0,23110004,0,10000,2,30000,
981,995000,0,0,23110004,0,10000,2,30000,
982,995000,0,0,23110004,0,10000,2,30000,
983,995000,0,0,23110004,0,10000,2,30000,
984,995000,0,0,23110004,0,10000,2,30000,
985,995000,0,0,23110004,0,10000,2,30000,
986,995000,0,0,23110004,0,10000,2,30000,
987,995000,0,0,99990007,0,10000,2,30000,
988,995000,0,0,99990007,0,10000,2,30000,
989,995000,0,0,23110004,0,10000,2,30000,
990,995000,0,0,23110004,0,10000,2,30000,
991,995000,0,0,0,99900,10000,2,30000,
992,995000,0,0,0,99900,10000,2,30000,
993,995000,0,0,0,99900,10000,2,30000,
994,995000,0,0,23110004,0,10000,2,30000,
995,995000,0,0,23110004,0,10000,2,30000,
996,995000,0,0,23110004,0,10000,2,30000,
997,995000,0,0,23110004,0,10000,2,30000,
998,995000,0,0,99990007,0,10000,2,30000,
999,995000,0,0,99990007,0,10000,2,30000,
1000,995000,0,0,23110004,0,10000,2,30000,
1001,995000,0,0,23110004,0,10000,2,30000,
1002,995000,0,0,0,99900,10000,2,30000,
1003,995000,0,0,0,99900,10000,2,30000,
1004,995000,0,0,0,99900,10000,2,30000,
1005,995000,0,0,0,99900,10000,2,30000,
1006,995000,0,0,0,99900,10000,2,30000,
1007,995000,0,0,99990007,0,10000,2,30000,
1008,995000,0,0,99990007,0,10000,2,30000,
1009,995000,0,0,99990007,0,10000,2,30000,
1010,995000,0,0,0,99900,10000,2,30000,
1011,995000,0,0,0,99900,10000,2,30000,
1012,995000,0,0,99990007,0,10000,2,30000,
1013,995000,0,0,99990007,0,10000,2,30000,
1014,995000,0,0,23110004,0,10000,2,30000,
1015,995000,0,0,23110004,0,10000,2,30000,
1016,995000,0,0,99990007,0,10000,2,30000,
1017,995000,0,0,0,99900,10000,2,30000,
1018,995000,0,0,0,99900,10000,2,30000,
1019,995000,0,0,0,99900,10000,2,30000,
1020,995000,0,0,0,99900,10000,2,30000,
1021,999000,0,0,99990001,0,10000,1,30000,
1022,999000,0,0,99990001,0,10000,1,30000,
1023,999000,0,0,99990001,0,10000,1,30000,
1024,999000,0,0,99990001,0,10000,1,30000,
1025,999000,0,0,99990001,0,10000,1,30000,
1026,994000,0,0,23110004,0,5000,2,30000,
1027,994000,0,0,23110004,0,4000,2,30000,
1028,994000,0,0,23110004,0,3000,2,30000,
1029,994000,0,0,23110004,0,3000,2,30000,
1030,994000,0,0,23110004,0,2000,2,30000,
1031,994000,0,0,23110004,0,1000,2,30000,
1032,994000,0,0,23110004,0,1000,2,30000,
1033,994000,0,0,23110004,0,500,2,30000,
1034,994000,0,0,23110004,0,500,2,30000,
1035,999300,0,0,0,99900,10000,2,30000,
1036,999300,0,0,0,99002,3000,2,30000,
1037,999300,0,0,0,99003,3000,2,30000,
1038,999300,0,0,0,99004,2000,2,30000,
1039,999300,0,0,0,99005,1500,2,30000,
1040,999300,0,0,0,99006,1100,2,30000,
1041,999300,0,0,0,99007,1100,2,30000,
1042,999300,0,0,0,99008,900,2,30000,
1043,999300,0,0,0,99009,900,2,30000,
1044,999300,0,0,0,993001,10000,2,30000,
1045,999300,0,0,32000006,0,3000,2,30000,
1046,999300,0,0,24040001,0,1000,2,30000,
1047,999300,0,0,27050001,0,700,2,30000,
1048,999300,0,0,99990007,0,10000,2,30000,
1049,999300,0,0,99990008,0,1000,2,30000,
1050,999300,0,0,99990009,0,1000,2,30000,
1051,999301,0,0,0,99900,10000,2,30000,
1052,999301,0,0,0,99002,3000,2,30000,
1053,999301,0,0,0,99003,3000,2,30000,
1054,999301,0,0,0,99004,2000,2,30000,
1055,999301,0,0,0,99005,1500,2,30000,
1056,999301,0,0,0,99006,1200,2,30000,
1057,999301,0,0,0,99007,1200,2,30000,
1058,999301,0,0,0,99008,1000,2,30000,
1059,999301,0,0,0,99009,900,2,30000,
1060,999301,0,0,0,993001,10000,2,30000,
1061,999301,0,0,32000006,0,3000,2,30000,
1062,999301,0,0,24040001,0,1000,2,30000,
1063,999301,0,0,27050001,0,700,2,30000,
1064,999301,0,0,99990007,0,10000,2,30000,
1065,999301,0,0,99990008,0,1000,2,30000,
1066,999301,0,0,99990009,0,1000,2,30000,
1067,999302,0,0,0,99900,10000,2,30000,
1068,999302,0,0,0,99002,4000,2,30000,
1069,999302,0,0,0,99003,4000,2,30000,
1070,999302,0,0,0,99004,3000,2,30000,
1071,999302,0,0,0,99005,2000,2,30000,
1072,999302,0,0,0,99006,1200,2,30000,
1073,999302,0,0,0,99007,1200,2,30000,
1074,999302,0,0,0,99008,1000,2,30000,
1075,999302,0,0,0,99009,900,2,30000,
1076,999302,0,0,0,993001,10000,2,30000,
1077,999302,0,0,32000006,0,3000,2,30000,
1078,999302,0,0,24040001,0,1000,2,30000,
1079,999302,0,0,27050001,0,700,2,30000,
1080,999302,0,0,99990007,0,10000,2,30000,
1081,999302,0,0,99990008,0,1000,2,30000,
1082,999302,0,0,99990009,0,1000,2,30000,
1083,999001,0,0,99900007,0,10000,1,30000,
1084,999001,0,0,99900007,0,10000,1,30000,
1085,999001,0,0,99900007,0,10000,1,30000,
1086,999001,0,0,99900007,0,10000,1,30000,
1087,999001,0,0,99900007,0,10000,1,30000,
1088,999002,0,0,99900009,0,10000,1,30000,
1089,999002,0,0,99900009,0,10000,1,30000,
1090,999002,0,0,99900009,0,10000,1,30000,
1091,999002,0,0,99900009,0,10000,1,30000,
1092,999002,0,0,99900009,0,10000,1,30000,
1093,996001,0,0,0,99900,10000,2,30000,
1096,996001,0,0,0,99010,900,2,30000,
1099,996001,0,0,0,99007,5000,2,30000,
1100,996001,0,0,0,99008,3000,2,30000,
1101,996001,0,0,0,99009,1500,2,30000,
1102,996001,0,0,0,993001,10000,2,30000,
1103,996001,0,0,32000006,0,3000,2,30000,
1104,996001,0,0,24040001,0,1000,2,30000,
1105,996001,0,0,27050001,0,700,2,30000,
1106,996001,0,0,99990007,0,10000,2,30000,
1107,996001,0,0,99990008,0,1000,2,30000,
1108,996001,0,0,99990009,0,1000,2,30000,
1109,997000,0,0,0,99900,10000,2,30000,
1110,997000,0,0,0,99011,900,2,30000,
1115,997000,0,0,0,99007,5000,2,30000,
1116,997000,0,0,0,99008,3000,2,30000,
1117,997000,0,0,0,99009,1500,2,30000,
1118,997000,0,0,0,993001,10000,2,30000,
1119,997000,0,0,32000006,0,3000,2,30000,
1120,997000,0,0,24040001,0,1000,2,30000,
1121,997000,0,0,27050001,0,700,2,30000,
1122,997000,0,0,99990007,0,10000,2,30000,
1123,997000,0,0,99990008,0,1000,2,30000,
1124,997000,0,0,99990009,0,1000,2,30000,
1125,997001,0,0,0,99900,10000,2,30000,
1130,997001,0,0,0,99010,900,2,30000,
1131,997001,0,0,0,99007,5000,2,30000,
1132,997001,0,0,0,99008,3000,2,30000,
1133,997001,0,0,0,99009,1500,2,30000,
1134,997001,0,0,0,993001,10000,2,30000,
1135,997001,0,0,32000006,0,3000,2,30000,
1136,997001,0,0,24040001,0,1000,2,30000,
1137,997001,0,0,27050001,0,700,2,30000,
1138,997001,0,0,99990007,0,10000,2,30000,
1139,997001,0,0,99990008,0,1000,2,30000,
1140,997001,0,0,99990009,0,1000,2,30000,
1141,996000,0,0,0,99900,10000,2,30000,
1146,996000,0,0,0,99011,900,2,30000,
1147,996000,0,0,0,99007,5000,2,30000,
1148,996000,0,0,0,99008,3000,2,30000,
1149,996000,0,0,0,99009,1500,2,30000,
1150,996000,0,0,0,993001,10000,2,30000,
1151,996000,0,0,32000006,0,3000,2,30000,
1152,996000,0,0,24040001,0,1000,2,30000,
1153,996000,0,0,27050001,0,700,2,30000,
1154,996000,0,0,99990007,0,10000,2,30000,
1155,996000,0,0,99990008,0,1000,2,30000,
1156,996000,0,0,99990009,0,1000,2,30000,
1157,994000,0,0,0,99901,10000,2,30000,
1158,998000,0,0,0,99900,10000,2,30000,
1159,998000,0,0,0,99013,900,2,30000,
1160,998000,0,0,0,99011,1500,2,30000,
1161,998000,0,0,0,99008,3000,2,30000,
1162,998000,0,0,0,99009,3000,2,30000,
1163,998000,0,0,0,993001,10000,2,30000,
1164,998000,0,0,32000006,0,3000,2,30000,
1165,998000,0,0,24040001,0,1000,2,30000,
1166,998000,0,0,27050001,0,700,2,30000,
1167,998000,0,0,99990007,0,10000,2,30000,
1168,998000,0,0,99990008,0,1000,2,30000,
1169,998000,0,0,99990009,0,1000,2,30000,
1170,998001,0,0,0,99900,10000,2,30000,
1171,998001,0,0,0,99012,1000,2,30000,
1172,998001,0,0,0,99010,1500,2,30000,
1173,998001,0,0,0,99008,3000,2,30000,
1174,998001,0,0,0,99009,3000,2,30000,
1175,998001,0,0,0,993001,10000,2,30000,
1176,998001,0,0,32000006,0,3000,2,30000,
1177,998001,0,0,24040001,0,1000,2,30000,
1178,998001,0,0,27050001,0,700,2,30000,
1179,998001,0,0,99990007,0,10000,2,30000,
1180,998001,0,0,99990008,0,1000,2,30000,
1181,998001,0,0,99990009,0,1000,2,30000,
,,,,,,10000,,,
1182,91001,0,0,99900027,0,1000,2,30000,
1183,91002,0,0,99900027,0,1000,2,30000,
1184,91003,0,0,99900027,0,1000,2,30000,
1185,91004,0,0,99900027,0,1000,2,30000,
1186,91005,0,0,99900027,0,1000,2,30000,
1187,91006,0,0,99900027,0,1000,2,30000,
1188,91007,0,0,99900027,0,1000,2,30000,
1189,91008,0,0,99900027,0,1000,2,30000,
1190,91009,0,0,99900027,0,1000,2,30000,
1191,91010,0,0,99900027,0,1000,2,30000,
1192,91012,0,0,99900027,0,1000,2,30000,
1193,91013,0,0,99900027,0,1000,2,30000,
1194,91014,0,0,99900027,0,1000,2,30000,
1195,91015,0,0,99900027,0,1000,2,30000,
1196,91016,0,0,99900027,0,1000,2,30000,
1197,91017,0,0,99900027,0,1000,2,30000,
1198,91018,0,0,99900027,0,1000,2,30000,
1199,92000,0,0,99900027,0,1000,2,30000,
1200,93001,0,0,99900027,0,1000,2,30000,
1201,93002,0,0,99900027,0,1000,2,30000,
1202,93003,0,0,99900027,0,1000,2,30000,
1203,93004,0,0,99900027,0,1000,2,30000,
1204,93005,0,0,99900027,0,1000,2,30000,
1205,93006,0,0,99900027,0,1000,2,30000,
1206,93007,0,0,99900027,0,1000,2,30000,
1207,93008,0,0,99900027,0,1000,2,30000,
1208,93009,0,0,99900027,0,1000,2,30000,
1209,93010,0,0,99900027,0,1000,2,30000,
1210,93011,0,0,99900027,0,1000,2,30000,
1211,93012,0,0,99900027,0,1000,2,30000,
1212,94001,0,0,99900027,0,1000,2,30000,
1213,94002,0,0,99900027,0,1000,2,30000,
1214,94003,0,0,99900027,0,1000,2,30000,
1215,94004,0,0,99900027,0,1000,2,30000,
1216,94005,0,0,99900027,0,1000,2,30000,
1217,94006,0,0,99900027,0,1000,2,30000,
1218,94007,0,0,99900027,0,1000,2,30000,
1219,94008,0,0,99900027,0,1000,2,30000,
1220,94009,0,0,99900027,0,1000,2,30000,
1221,94010,0,0,99900027,0,1000,2,30000,
1222,94011,0,0,99900027,0,1000,2,30000,
1223,94012,0,0,99900027,0,1000,2,30000,
1224,94013,0,0,99900027,0,1000,2,30000,
1225,94014,0,0,99900027,0,1000,2,30000,
1226,94101,0,0,99900027,0,1000,2,30000,
1227,94102,0,0,99900027,0,1000,2,30000,
1228,94103,0,0,99900027,0,1000,2,30000,
1229,94104,0,0,99900027,0,1000,2,30000,
1230,94105,0,0,99900027,0,1000,2,30000,
1231,94106,0,0,99900027,0,1000,2,30000,
1232,94107,0,0,99900027,0,1000,2,30000,
1233,94108,0,0,99900027,0,1000,2,30000,
1234,94109,0,0,99900027,0,1000,2,30000,
1235,94110,0,0,99900027,0,1000,2,30000,
1236,94111,0,0,99900027,0,1000,2,30000,
1237,94200,0,0,99900027,0,1000,2,30000,
1238,99100,0,0,99900027,0,1000,2,30000,
1239,99200,0,0,99900027,0,1000,2,30000,
1240,99300,0,0,99900027,0,1000,2,30000,
1241,99400,0,0,99900027,0,1000,2,30000,
1242,99500,0,0,99900027,0,1000,2,30000,
1243,95001,0,0,99900027,0,900,2,30000,
1244,95002,0,0,99900027,0,900,2,30000,
1245,95003,0,0,99900027,0,900,2,30000,
1246,95004,0,0,99900027,0,900,2,30000,
1247,95005,0,0,99900027,0,900,2,30000,
1248,95006,0,0,99900027,0,900,2,30000,
1249,95007,0,0,99900027,0,900,2,30000,
1250,95008,0,0,99900027,0,900,2,30000,
1251,95009,0,0,99900027,0,900,2,30000,
1252,95010,0,0,99900027,0,900,2,30000,
,,,,,,10000,,,
1253,199901,0,0,0,99025,5000,2,30000,
1254,199901,0,0,0,99020,800,2,30000,
1255,199901,0,0,0,99010,1500,2,30000,
1256,199901,0,0,0,99009,2000,2,30000,
1257,199901,0,0,0,993001,10000,2,30000,
1258,199901,0,0,32000006,0,3000,2,30000,
1259,199901,0,0,24040001,0,1000,2,30000,
1260,199901,0,0,27050001,0,700,2,30000,
1261,199901,0,0,99990007,0,10000,2,30000,
1262,199901,0,0,99990008,0,1000,2,30000,
1263,199901,0,0,99990009,0,1000,2,30000,
,,,,,,10000,,,
1264,199902,0,0,0,99025,5000,2,30000,
1265,199902,0,0,0,99021,800,2,30000,
1266,199902,0,0,0,99010,1500,2,30000,
1267,199902,0,0,0,99009,2000,2,30000,
1268,199902,0,0,0,993001,10000,2,30000,
1269,199902,0,0,32000006,0,3000,2,30000,
1270,199902,0,0,24040001,0,1000,2,30000,
1271,199902,0,0,27050001,0,700,2,30000,
1272,199902,0,0,99990007,0,10000,2,30000,
1273,199902,0,0,99990008,0,1000,2,30000,
1274,199902,0,0,99990009,0,1000,2,30000,
,,,,,,10000,,,
1275,199903,0,0,0,99025,5000,2,30000,
1276,199903,0,0,0,99022,800,2,30000,
1277,199903,0,0,0,99010,1500,2,30000,
1278,199903,0,0,0,99009,2000,2,30000,
1279,199903,0,0,0,993001,10000,2,30000,
1280,199903,0,0,32000006,0,3000,2,30000,
1281,199903,0,0,24040001,0,1000,2,30000,
1282,199903,0,0,27050001,0,700,2,30000,
1283,199903,0,0,99990007,0,10000,2,30000,
1284,199903,0,0,99990008,0,1000,2,30000,
1285,199903,0,0,99990009,0,1000,2,30000,
,,,,,,10000,,,
1286,199904,0,0,0,99025,5000,2,30000,
1287,199904,0,0,0,99023,800,2,30000,
1288,199904,0,0,0,99010,1500,2,30000,
1289,199904,0,0,0,99009,2000,2,30000,
1290,199904,0,0,0,993001,10000,2,30000,
1291,199904,0,0,32000006,0,3000,2,30000,
1292,199904,0,0,24040001,0,1000,2,30000,
1293,199904,0,0,27050001,0,700,2,30000,
1294,199904,0,0,99990007,0,10000,2,30000,
1295,199904,0,0,99990008,0,1000,2,30000,
1296,199904,0,0,99990009,0,1000,2,30000,
,,,,,,10000,,,
1297,199905,0,0,0,99025,5000,2,30000,
1298,199905,0,0,0,99024,800,2,30000,
1299,199905,0,0,0,99010,1500,2,30000,
1300,199905,0,0,0,99009,2000,2,30000,
1301,199905,0,0,0,993001,10000,2,30000,
1302,199905,0,0,32000006,0,3000,2,30000,
1303,199905,0,0,24040001,0,1000,2,30000,
1304,199905,0,0,27050001,0,700,2,30000,
1305,199905,0,0,99990007,0,10000,2,30000,
1306,199905,0,0,99990008,0,1000,2,30000,
1307,199905,0,0,99990009,0,1000,2,30000,
