<?xml version="1.0" encoding="UTF-8"?>
<local_config>
	<timeout>11</timeout>
	<thread_num>2</thread_num>
	<!-- game_key: 示例 c762000b3eb6955de0862f435b28a8eb -->
	<game_key></game_key>
	<!-- request_domain: 示例 http://test.local.rrgdev.org/ 注意：域名最后要有反斜杠，并包含http:// -->
	<request_domain></request_domain>
	<!-- report_domain: 示例 http://test.local.rrgdev.org/  注意：域名最后要有反斜杠，并包含http:// -->
	<report_domain></report_domain>
</local_config>